Year,Country,Total
1996,Algeria,100.0
1998,Algeria,107.0
2005,Algeria,111.0
2006,Algeria,106.0
2007,Algeria,110.0
2008,Algeria,111.0
2009,Algeria,119.0
2010,Algeria,118.0
2011,Algeria,125.0
2012,Algeria,136.0
2013,Algeria,141.0
2014,Algeria,151.0
2015,Algeria,160.0
2016,Algeria,158.0
2017,Algeria,165.0
2018,Algeria,171.0
2019,Algeria,179.0
2020,Algeria,170.0
2021,Algeria,180.0
2022,Algeria,176.0
1976,Argentina,100.0
1977,Argentina,101.0
1978,Argentina,103.0
1979,Argentina,111.0
1980,Argentina,109.0
1981,Argentina,102.0
1982,Argentina,103.0
1983,Argentina,105.0
1984,Argentina,106.0
1985,Argentina,101.0
1986,Argentina,104.0
1987,Argentina,115.0
1988,Argentina,121.0
1989,Argentina,117.0
1990,Argentina,112.0
1991,Argentina,118.0
1992,Argentina,121.0
1993,Argentina,118.0
1994,Argentina,118.0
1995,Argentina,125.0
1996,Argentina,131.0
1997,Argentina,137.0
1998,Argentina,139.0
1999,Argentina,148.0
2000,Argentina,143.0
2001,Argentina,134.0
2002,Argentina,124.0
2003,Argentina,134.0
2004,Argentina,157.0
2005,Argentina,161.0
2006,Argentina,174.0
2007,Argentina,173.0
2008,Argentina,187.0
2009,Argentina,178.0
2010,Argentina,186.0
2011,Argentina,190.0
2012,Argentina,191.0
2013,Argentina,190.0
2014,Argentina,188.0
2015,Argentina,192.0
2016,Argentina,190.0
2017,Argentina,187.0
2018,Argentina,181.0
2019,Argentina,179.0
2020,Argentina,167.0
2021,Argentina,190.0
2022,Argentina,193.0
1964,Australia,104.0
1965,Australia,114.0
1966,Australia,116.0
1967,Australia,122.0
1968,Australia,129.0
1969,Australia,136.0
1970,Australia,148.0
1971,Australia,151.0
1972,Australia,154.0
1973,Australia,170.0
1974,Australia,166.0
1975,Australia,173.0
1976,Australia,170.0
1977,Australia,182.0
1978,Australia,191.0
1979,Australia,192.0
1980,Australia,204.0
1981,Australia,214.0
1982,Australia,218.0
1983,Australia,208.0
1984,Australia,218.0
1985,Australia,225.0
1986,Australia,224.0
1987,Australia,235.0
1988,Australia,241.0
1989,Australia,257.0
1990,Australia,278.0
1991,Australia,280.0
1992,Australia,285.0
1993,Australia,289.0
1994,Australia,294.0
1995,Australia,305.0
1996,Australia,312.0
1997,Australia,320.0
1998,Australia,334.0
1999,Australia,344.0
2000,Australia,350.0
2001,Australia,358.0
2002,Australia,363.0
2003,Australia,369.0
2004,Australia,383.0
2005,Australia,386.0
2006,Australia,392.0
2007,Australia,400.0
2008,Australia,404.0
2009,Australia,407.0
2010,Australia,406.0
2011,Australia,404.0
2012,Australia,407.0
2013,Australia,399.0
2014,Australia,393.0
2015,Australia,401.0
2016,Australia,410.0
2017,Australia,414.0
2018,Australia,415.0
2019,Australia,416.0
2020,Australia,397.0
2021,Australia,387.0
2022,Australia,392.0
2019,Bangladesh,101.0
2022,Bangladesh,102.0
1985,Belarus,107.0
1986,Belarus,122.0
1987,Belarus,112.0
1988,Belarus,114.0
1989,Belarus,109.0
1990,Belarus,108.0
1991,Belarus,104.0
1963,Belgium,106.0
1964,Belgium,104.0
1965,Belgium,105.0
1966,Belgium,105.0
1967,Belgium,107.0
1968,Belgium,118.0
1969,Belgium,123.0
1970,Belgium,125.0
1971,Belgium,121.0
1972,Belgium,131.0
1973,Belgium,139.0
1974,Belgium,135.0
1975,Belgium,122.0
1976,Belgium,130.0
1977,Belgium,126.0
1978,Belgium,135.0
1979,Belgium,140.0
1980,Belgium,135.0
1981,Belgium,124.0
1982,Belgium,117.0
1983,Belgium,101.0
1984,Belgium,105.0
1985,Belgium,104.0
1986,Belgium,102.0
1987,Belgium,103.0
1988,Belgium,100.0
1989,Belgium,107.0
1990,Belgium,120.0
1991,Belgium,123.0
1992,Belgium,122.0
1993,Belgium,121.0
1994,Belgium,125.0
1995,Belgium,126.0
1996,Belgium,129.0
1997,Belgium,124.0
1998,Belgium,130.0
1999,Belgium,125.0
2000,Belgium,127.0
2001,Belgium,126.0
2002,Belgium,127.0
2003,Belgium,128.0
2004,Belgium,129.0
2005,Belgium,126.0
2006,Belgium,124.0
2007,Belgium,120.0
2008,Belgium,120.0
2009,Belgium,108.0
2010,Belgium,115.0
2011,Belgium,105.0
2012,Belgium,102.0
2013,Belgium,103.0
2015,Belgium,101.0
2016,Belgium,100.0
2018,Belgium,100.0
1971,Brazil,102.0
1972,Brazil,114.0
1973,Brazil,132.0
1974,Brazil,143.0
1975,Brazil,150.0
1976,Brazil,155.0
1977,Brazil,162.0
1978,Brazil,177.0
1979,Brazil,188.0
1980,Brazil,186.0
1981,Brazil,171.0
1982,Brazil,172.0
1983,Brazil,166.0
1984,Brazil,168.0
1985,Brazil,180.0
1986,Brazil,197.0
1987,Brazil,206.0
1988,Brazil,208.0
1989,Brazil,212.0
1990,Brazil,219.0
1991,Brazil,229.0
1992,Brazil,234.0
1993,Brazil,244.0
1994,Brazil,254.0
1995,Brazil,269.0
1996,Brazil,289.0
1997,Brazil,307.0
1998,Brazil,317.0
1999,Brazil,327.0
2000,Brazil,340.0
2001,Brazil,346.0
2002,Brazil,348.0
2003,Brazil,345.0
2004,Brazil,361.0
2005,Brazil,364.0
2006,Brazil,369.0
2007,Brazil,391.0
2008,Brazil,413.0
2009,Brazil,390.0
2010,Brazil,440.0
2011,Brazil,463.0
2012,Brazil,498.0
2013,Brazil,532.0
2014,Brazil,558.0
2015,Brazil,529.0
2016,Brazil,493.0
2017,Brazil,497.0
2018,Brazil,478.0
2019,Brazil,473.0
2020,Brazil,445.0
2021,Brazil,497.0
2022,Brazil,483.0
1940,Canada,109.0
1941,Canada,120.0
1942,Canada,131.0
1943,Canada,138.0
1944,Canada,140.0
1945,Canada,131.0
1946,Canada,138.0
1947,Canada,144.0
1948,Canada,159.0
1949,Canada,145.0
1950,Canada,154.0
1951,Canada,163.0
1952,Canada,159.0
1953,Canada,161.0
1954,Canada,163.0
1955,Canada,169.0
1956,Canada,190.0
1957,Canada,183.0
1958,Canada,182.0
1959,Canada,184.0
1960,Canada,193.0
1961,Canada,194.0
1962,Canada,207.0
1963,Canada,211.0
1964,Canada,238.0
1965,Canada,252.0
1966,Canada,259.0
1967,Canada,282.0
1968,Canada,303.0
1969,Canada,307.0
1970,Canada,341.0
1971,Canada,352.0
1972,Canada,381.0
1973,Canada,381.0
1974,Canada,390.0
1975,Canada,397.0
1976,Canada,399.0
1977,Canada,408.0
1978,Canada,416.0
1979,Canada,442.0
1980,Canada,443.0
1981,Canada,430.0
1982,Canada,414.0
1983,Canada,408.0
1984,Canada,425.0
1985,Canada,422.0
1986,Canada,405.0
1987,Canada,431.0
1988,Canada,456.0
1989,Canada,463.0
1990,Canada,459.0
1991,Canada,450.0
1992,Canada,464.0
1993,Canada,465.0
1994,Canada,479.0
1995,Canada,492.0
1996,Canada,508.0
1997,Canada,523.0
1998,Canada,530.0
1999,Canada,544.0
2000,Canada,567.0
2001,Canada,559.0
2002,Canada,564.0
2003,Canada,581.0
2004,Canada,580.0
2005,Canada,575.0
2006,Canada,569.0
2007,Canada,594.0
2008,Canada,577.0
2009,Canada,544.0
2010,Canada,556.0
2011,Canada,565.0
2012,Canada,566.0
2013,Canada,570.0
2014,Canada,566.0
2015,Canada,571.0
2016,Canada,558.0
2017,Canada,567.0
2018,Canada,577.0
2019,Canada,579.0
2020,Canada,523.0
2021,Canada,537.0
2022,Canada,548.0
1941,China,114.0
1942,China,128.0
1943,China,109.0
1944,China,103.0
1951,China,102.0
1952,China,128.0
1953,China,134.0
1954,China,161.0
1955,China,191.0
1956,China,216.0
1957,China,256.0
1958,China,525.0
1959,China,720.0
1960,China,799.0
1961,China,571.0
1962,China,460.0
1963,China,457.0
1964,China,461.0
1965,China,500.0
1966,China,549.0
1967,China,460.0
1968,China,496.0
1969,China,608.0
1970,China,808.0
1971,China,909.0
1972,China,969.0
1973,China,1008.0
1974,China,1028.0
1975,China,1183.0
1976,China,1226.0
1977,China,1341.0
1978,China,1493.0
1979,China,1526.0
1980,China,1494.0
1981,China,1476.0
1982,China,1607.0
1983,China,1694.0
1984,China,1845.0
1985,China,1998.0
1986,China,2104.0
1987,China,2258.0
1988,China,2426.0
1989,China,2464.0
1990,China,2485.0
1991,China,2606.0
1992,China,2731.0
1993,China,2922.0
1994,China,3104.0
1995,China,3362.0
1996,China,3509.0
1997,China,3516.0
1998,China,3365.0
1999,China,3557.0
2000,China,3649.0
2001,China,3729.0
2002,China,4103.0
2003,China,4841.0
2004,China,5217.0
2005,China,5882.0
2006,China,6494.0
2007,China,6984.0
2008,China,7501.0
2009,China,7891.0
2010,China,8621.0
2011,China,9532.0
2012,China,9779.0
2013,China,9956.0
2014,China,9999.0
2015,China,9867.0
2016,China,9765.0
2017,China,10011.0
2018,China,10354.0
2019,China,10721.0
2020,China,10914.0
2021,China,11336.0
2022,China,11397.0
2016,Colombia,100.0
2022,Colombia,100.0
1961,Czechia,108.0
1962,Czechia,115.0
1963,Czechia,120.0
1964,Czechia,125.0
1965,Czechia,122.0
1966,Czechia,122.0
1967,Czechia,121.0
1968,Czechia,127.0
1969,Czechia,135.0
1970,Czechia,154.0
1971,Czechia,162.0
1972,Czechia,163.0
1973,Czechia,164.0
1974,Czechia,166.0
1975,Czechia,174.0
1976,Czechia,180.0
1977,Czechia,186.0
1978,Czechia,187.0
1979,Czechia,183.0
1980,Czechia,185.0
1981,Czechia,183.0
1982,Czechia,181.0
1983,Czechia,181.0
1984,Czechia,187.0
1985,Czechia,185.0
1986,Czechia,186.0
1987,Czechia,184.0
1988,Czechia,181.0
1989,Czechia,172.0
1990,Czechia,164.0
1991,Czechia,149.0
1992,Czechia,146.0
1993,Czechia,140.0
1994,Czechia,133.0
1995,Czechia,132.0
1996,Czechia,135.0
1997,Czechia,131.0
1998,Czechia,126.0
1999,Czechia,117.0
2000,Czechia,127.0
2001,Czechia,127.0
2002,Czechia,124.0
2003,Czechia,128.0
2004,Czechia,128.0
2005,Czechia,126.0
2006,Czechia,127.0
2007,Czechia,128.0
2008,Czechia,123.0
2009,Czechia,115.0
2010,Czechia,117.0
2011,Czechia,115.0
2012,Czechia,111.0
2013,Czechia,107.0
2014,Czechia,104.0
2015,Czechia,105.0
2016,Czechia,107.0
2017,Czechia,108.0
2018,Czechia,106.0
2019,Czechia,101.0
1997,Egypt,112.0
1998,Egypt,125.0
1999,Egypt,128.0
2000,Egypt,144.0
2001,Egypt,128.0
2002,Egypt,129.0
2003,Egypt,150.0
2004,Egypt,153.0
2005,Egypt,168.0
2006,Egypt,179.0
2007,Egypt,189.0
2008,Egypt,198.0
2009,Egypt,206.0
2010,Egypt,204.0
2011,Egypt,217.0
2012,Egypt,214.0
2013,Egypt,211.0
2014,Egypt,227.0
2015,Egypt,224.0
2016,Egypt,239.0
2017,Egypt,260.0
2018,Egypt,244.0
2019,Egypt,256.0
2020,Egypt,228.0
2021,Egypt,247.0
2022,Egypt,259.0
1900,France,129.0
1901,France,125.0
1902,France,118.0
1903,France,129.0
1904,France,126.0
1905,France,127.0
1906,France,137.0
1907,France,146.0
1908,France,147.0
1909,France,150.0
1910,France,151.0
1911,France,157.0
1912,France,159.0
1913,France,171.0
1914,France,118.0
1915,France,103.0
1916,France,110.0
1917,France,122.0
1918,France,108.0
1919,France,116.0
1920,France,152.0
1921,France,138.0
1922,France,163.0
1923,France,184.0
1924,France,207.0
1925,France,214.0
1926,France,214.0
1927,France,213.0
1928,France,212.0
1929,France,234.0
1930,France,238.0
1931,France,217.0
1932,France,192.0
1933,France,199.0
1934,France,201.0
1935,France,195.0
1936,France,198.0
1937,France,218.0
1938,France,202.0
1939,France,195.0
1940,France,138.0
1941,France,120.0
1942,France,122.0
1943,France,125.0
1945,France,107.0
1946,France,165.0
1947,France,184.0
1948,France,197.0
1949,France,229.0
1950,France,202.0
1951,France,229.0
1952,France,227.0
1953,France,215.0
1954,France,226.0
1955,France,239.0
1956,France,268.0
1957,France,277.0
1958,France,266.0
1959,France,262.0
1960,France,296.0
1961,France,316.0
1962,France,333.0
1963,France,338.0
1964,France,369.0
1965,France,363.0
1966,France,380.0
1967,France,405.0
1968,France,418.0
1969,France,443.0
1970,France,460.0
1971,France,493.0
1972,France,514.0
1973,France,539.0
1974,France,521.0
1975,France,482.0
1976,France,523.0
1977,France,507.0
1978,France,529.0
1979,France,532.0
1980,France,511.0
1981,France,459.0
1982,France,440.0
1983,France,423.0
1984,France,412.0
1985,France,405.0
1986,France,390.0
1987,France,388.0
1988,France,386.0
1989,France,400.0
1990,France,393.0
1991,France,418.0
1992,France,408.0
1993,France,388.0
1994,France,382.0
1995,France,386.0
1996,France,403.0
1997,France,396.0
1998,France,414.0
1999,France,412.0
2000,France,407.0
2001,France,411.0
2002,France,406.0
2003,France,412.0
2004,France,414.0
2005,France,416.0
2006,France,406.0
2007,France,396.0
2008,France,389.0
2009,France,371.0
2010,France,377.0
2011,France,354.0
2012,France,356.0
2013,France,358.0
2014,France,327.0
2015,France,331.0
2016,France,334.0
2017,France,337.0
2018,France,322.0
2019,France,315.0
2020,France,282.0
2021,France,307.0
2022,France,298.0
1900,Germany,327.0
1901,Germany,326.0
1902,Germany,319.0
1903,Germany,344.0
1904,Germany,356.0
1905,Germany,382.0
1906,Germany,362.0
1907,Germany,442.0
1908,Germany,447.0
1909,Germany,446.0
1910,Germany,445.0
1911,Germany,459.0
1912,Germany,499.0
1913,Germany,535.0
1914,Germany,498.0
1915,Germany,463.0
1916,Germany,501.0
1917,Germany,525.0
1918,Germany,503.0
1919,Germany,387.0
1920,Germany,429.0
1921,Germany,473.0
1922,Germany,455.0
1923,Germany,332.0
1924,Germany,452.0
1925,Germany,458.0
1926,Germany,413.0
1927,Germany,481.0
1928,Germany,505.0
1929,Germany,539.0
1930,Germany,462.0
1931,Germany,386.0
1932,Germany,347.0
1933,Germany,365.0
1934,Germany,409.0
1935,Germany,452.0
1936,Germany,500.0
1937,Germany,564.0
1938,Germany,601.0
1939,Germany,649.0
1940,Germany,654.0
1941,Germany,661.0
1942,Germany,668.0
1943,Germany,679.0
1944,Germany,600.0
1945,Germany,116.0
1946,Germany,272.0
1947,Germany,318.0
1948,Germany,378.0
1949,Germany,432.0
1950,Germany,511.0
1951,Germany,577.0
1952,Germany,611.0
1953,Germany,623.0
1954,Germany,660.0
1955,Germany,723.0
1956,Germany,766.0
1957,Germany,778.0
1958,Germany,756.0
1959,Germany,756.0
1960,Germany,814.0
1961,Germany,835.0
1962,Germany,883.0
1963,Germany,945.0
1964,Germany,969.0
1965,Germany,960.0
1966,Germany,951.0
1967,Germany,936.0
1968,Germany,985.0
1969,Germany,1052.0
1970,Germany,1026.0
1971,Germany,1037.0
1972,Germany,1041.0
1973,Germany,1086.0
1974,Germany,1063.0
1975,Germany,1002.0
1976,Germany,1091.0
1977,Germany,1053.0
1978,Germany,1079.0
1979,Germany,1118.0
1980,Germany,1100.0
1981,Germany,1049.0
1982,Germany,1016.0
1983,Germany,1012.0
1984,Germany,1033.0
1985,Germany,1044.0
1986,Germany,1047.0
1987,Germany,1032.0
1988,Germany,1029.0
1989,Germany,1009.0
1990,Germany,1055.0
1991,Germany,1017.0
1992,Germany,969.0
1993,Germany,959.0
1994,Germany,943.0
1995,Germany,940.0
1996,Germany,960.0
1997,Germany,931.0
1998,Germany,923.0
1999,Germany,895.0
2000,Germany,899.0
2001,Germany,915.0
2002,Germany,899.0
2003,Germany,900.0
2004,Germany,886.0
2005,Germany,865.0
2006,Germany,877.0
2007,Germany,850.0
2008,Germany,853.0
2009,Germany,788.0
2010,Germany,831.0
2011,Germany,808.0
2012,Germany,813.0
2013,Germany,834.0
2014,Germany,795.0
2015,Germany,798.0
2016,Germany,802.0
2017,Germany,786.0
2018,Germany,755.0
2019,Germany,707.0
2020,Germany,647.0
2021,Germany,679.0
2022,Germany,666.0
2000,Greece,103.0
2001,Greece,105.0
2002,Greece,105.0
2003,Greece,109.0
2004,Greece,109.0
2005,Greece,114.0
2006,Greece,112.0
2007,Greece,115.0
2008,Greece,111.0
2009,Greece,104.0
1959,India,101.0
1960,India,111.0
1961,India,120.0
1962,India,133.0
1963,India,142.0
1964,India,139.0
1965,India,154.0
1966,India,159.0
1967,India,160.0
1968,India,174.0
1969,India,177.0
1970,India,182.0
1971,India,192.0
1972,India,203.0
1973,India,209.0
1974,India,216.0
1975,India,234.0
1976,India,245.0
1977,India,259.0
1978,India,263.0
1979,India,276.0
1980,India,292.0
1981,India,315.0
1982,India,325.0
1983,India,352.0
1984,India,362.0
1985,India,398.0
1986,India,426.0
1987,India,455.0
1988,India,492.0
1989,India,541.0
1990,India,578.0
1991,India,615.0
1992,India,655.0
1993,India,677.0
1994,India,714.0
1995,India,760.0
1996,India,824.0
1997,India,858.0
1998,India,876.0
1999,India,950.0
2000,India,978.0
2001,India,991.0
2002,India,1022.0
2003,India,1059.0
2004,India,1125.0
2005,India,1186.0
2006,India,1292.0
2007,India,1393.0
2008,India,1489.0
2009,India,1612.0
2010,India,1677.0
2011,India,1765.0
2012,India,1926.0
2013,India,1995.0
2014,India,2148.0
2015,India,2234.0
2016,India,2355.0
2017,India,2427.0
2018,India,2593.0
2019,India,2613.0
2020,India,2422.0
2021,India,2674.0
2022,India,2830.0
1981,Indonesia,100.0
1982,Indonesia,106.0
1983,Indonesia,105.0
1984,Indonesia,112.0
1985,Indonesia,122.0
1986,Indonesia,122.0
1987,Indonesia,124.0
1988,Indonesia,133.0
1989,Indonesia,132.0
1990,Indonesia,155.0
1991,Indonesia,175.0
1992,Indonesia,199.0
1993,Indonesia,215.0
1994,Indonesia,219.0
1995,Indonesia,222.0
1996,Indonesia,253.0
1997,Indonesia,280.0
1998,Indonesia,245.0
1999,Indonesia,292.0
2000,Indonesia,281.0
2001,Indonesia,317.0
2002,Indonesia,308.0
2003,Indonesia,339.0
2004,Indonesia,343.0
2005,Indonesia,348.0
2006,Indonesia,347.0
2007,Indonesia,388.0
2008,Indonesia,366.0
2009,Indonesia,399.0
2010,Indonesia,446.0
2011,Indonesia,501.0
2012,Indonesia,516.0
2013,Indonesia,489.0
2014,Indonesia,488.0
2015,Indonesia,539.0
2016,Indonesia,540.0
2017,Indonesia,557.0
2018,Indonesia,594.0
2019,Indonesia,651.0
2020,Indonesia,606.0
2021,Indonesia,616.0
2022,Indonesia,729.0
1971,Iran,102.0
1972,Iran,106.0
1973,Iran,129.0
1974,Iran,144.0
1975,Iran,139.0
1976,Iran,156.0
1977,Iran,164.0
1978,Iran,162.0
1979,Iran,163.0
1980,Iran,120.0
1981,Iran,113.0
1982,Iran,138.0
1983,Iran,150.0
1984,Iran,150.0
1985,Iran,160.0
1986,Iran,148.0
1987,Iran,159.0
1988,Iran,175.0
1989,Iran,190.0
1990,Iran,210.0
1991,Iran,222.0
1992,Iran,227.0
1993,Iran,236.0
1994,Iran,263.0
1995,Iran,269.0
1996,Iran,275.0
1997,Iran,267.0
1998,Iran,304.0
1999,Iran,372.0
2000,Iran,364.0
2001,Iran,386.0
2002,Iran,393.0
2003,Iran,407.0
2004,Iran,438.0
2005,Iran,462.0
2006,Iran,496.0
2007,Iran,503.0
2008,Iran,523.0
2009,Iran,537.0
2010,Iran,553.0
2011,Iran,566.0
2012,Iran,588.0
2013,Iran,598.0
2014,Iran,633.0
2015,Iran,632.0
2016,Iran,634.0
2017,Iran,685.0
2018,Iran,710.0
2019,Iran,695.0
2020,Iran,679.0
2021,Iran,688.0
2022,Iran,691.0
2003,Iraq,101.0
2004,Iraq,113.0
2005,Iraq,114.0
2009,Iraq,105.0
2010,Iraq,114.0
2011,Iraq,123.0
2012,Iraq,133.0
2013,Iraq,141.0
2014,Iraq,137.0
2015,Iraq,142.0
2016,Iraq,159.0
2017,Iraq,177.0
2018,Iraq,184.0
2019,Iraq,190.0
2020,Iraq,160.0
2021,Iraq,169.0
2022,Iraq,179.0
1960,Italy,109.0
1961,Italy,124.0
1962,Italy,146.0
1963,Italy,165.0
1964,Italy,176.0
1965,Italy,190.0
1966,Italy,214.0
1967,Italy,234.0
1968,Italy,249.0
1969,Italy,270.0
1970,Italy,296.0
1971,Italy,311.0
1972,Italy,328.0
1973,Italy,353.0
1974,Italy,358.0
1975,Italy,341.0
1976,Italy,366.0
1977,Italy,354.0
1978,Italy,371.0
1979,Italy,385.0
1980,Italy,386.0
1981,Italy,375.0
1982,Italy,367.0
1983,Italy,358.0
1984,Italy,365.0
1985,Italy,369.0
1986,Italy,363.0
1987,Italy,380.0
1988,Italy,386.0
1989,Italy,405.0
1990,Italy,439.0
1991,Italy,438.0
1992,Italy,439.0
1993,Italy,431.0
1994,Italy,425.0
1995,Italy,449.0
1996,Italy,444.0
1997,Italy,449.0
1998,Italy,462.0
1999,Italy,466.0
2000,Italy,471.0
2001,Italy,471.0
2002,Italy,478.0
2003,Italy,496.0
2004,Italy,502.0
2005,Italy,502.0
2006,Italy,497.0
2007,Italy,491.0
2008,Italy,479.0
2009,Italy,425.0
2010,Italy,437.0
2011,Italy,425.0
2012,Italy,404.0
2013,Italy,370.0
2014,Italy,350.0
2015,Italy,362.0
2016,Italy,359.0
2017,Italy,353.0
2018,Italy,350.0
2019,Italy,340.0
2020,Italy,303.0
2021,Italy,337.0
2022,Italy,338.0
1934,Japan,101.0
1935,Japan,106.0
1936,Japan,117.0
1937,Japan,125.0
1938,Japan,132.0
1939,Japan,128.0
1940,Japan,153.0
1941,Japan,155.0
1942,Japan,148.0
1943,Japan,151.0
1944,Japan,139.0
1950,Japan,103.0
1951,Japan,123.0
1952,Japan,130.0
1953,Japan,146.0
1954,Japan,143.0
1955,Japan,142.0
1956,Japan,161.0
1957,Japan,188.0
1958,Japan,181.0
1959,Japan,193.0
1960,Japan,232.0
1961,Japan,283.0
1962,Japan,293.0
1963,Japan,325.0
1964,Japan,359.0
1965,Japan,386.0
1966,Japan,419.0
1967,Japan,489.0
1968,Japan,562.0
1969,Japan,653.0
1970,Japan,768.0
1971,Japan,797.0
1972,Japan,852.0
1973,Japan,914.0
1974,Japan,914.0
1975,Japan,869.0
1976,Japan,907.0
1977,Japan,933.0
1978,Japan,902.0
1979,Japan,953.0
1980,Japan,945.0
1981,Japan,927.0
1982,Japan,897.0
1983,Japan,881.0
1984,Japan,937.0
1985,Japan,912.0
1986,Japan,912.0
1987,Japan,903.0
1988,Japan,985.0
1989,Japan,1022.0
1990,Japan,1157.0
1991,Japan,1169.0
1992,Japan,1179.0
1993,Japan,1172.0
1994,Japan,1227.0
1995,Japan,1239.0
1996,Japan,1252.0
1997,Japan,1244.0
1998,Japan,1204.0
1999,Japan,1241.0
2000,Japan,1264.0
2001,Japan,1249.0
2002,Japan,1279.0
2003,Japan,1287.0
2004,Japan,1283.0
2005,Japan,1290.0
2006,Japan,1267.0
2007,Japan,1303.0
2008,Japan,1232.0
2009,Japan,1163.0
2010,Japan,1215.0
2011,Japan,1265.0
2012,Japan,1306.0
2013,Japan,1315.0
2014,Japan,1264.0
2015,Japan,1223.0
2016,Japan,1202.0
2017,Japan,1187.0
2018,Japan,1142.0
2019,Japan,1105.0
2020,Japan,1040.0
2021,Japan,1062.0
2022,Japan,1054.0
1961,Kazakhstan,100.0
1962,Kazakhstan,104.0
1963,Kazakhstan,112.0
1964,Kazakhstan,119.0
1965,Kazakhstan,126.0
1966,Kazakhstan,133.0
1967,Kazakhstan,140.0
1968,Kazakhstan,143.0
1969,Kazakhstan,149.0
1970,Kazakhstan,157.0
1971,Kazakhstan,167.0
1972,Kazakhstan,175.0
1973,Kazakhstan,182.0
1974,Kazakhstan,189.0
1975,Kazakhstan,199.0
1976,Kazakhstan,206.0
1977,Kazakhstan,213.0
1978,Kazakhstan,220.0
1979,Kazakhstan,222.0
1980,Kazakhstan,230.0
1981,Kazakhstan,226.0
1982,Kazakhstan,230.0
1983,Kazakhstan,233.0
1984,Kazakhstan,235.0
1985,Kazakhstan,253.0
1986,Kazakhstan,258.0
1987,Kazakhstan,256.0
1988,Kazakhstan,274.0
1989,Kazakhstan,265.0
1990,Kazakhstan,268.0
1991,Kazakhstan,261.0
1992,Kazakhstan,236.0
1993,Kazakhstan,208.0
1994,Kazakhstan,175.0
1995,Kazakhstan,168.0
1996,Kazakhstan,155.0
1997,Kazakhstan,146.0
1998,Kazakhstan,144.0
1999,Kazakhstan,119.0
2000,Kazakhstan,143.0
2001,Kazakhstan,139.0
2002,Kazakhstan,158.0
2003,Kazakhstan,176.0
2004,Kazakhstan,186.0
2005,Kazakhstan,200.0
2006,Kazakhstan,221.0
2007,Kazakhstan,227.0
2008,Kazakhstan,227.0
2009,Kazakhstan,225.0
2010,Kazakhstan,249.0
2011,Kazakhstan,239.0
2012,Kazakhstan,246.0
2013,Kazakhstan,255.0
2014,Kazakhstan,274.0
2015,Kazakhstan,279.0
2016,Kazakhstan,278.0
2017,Kazakhstan,293.0
2018,Kazakhstan,307.0
2019,Kazakhstan,275.0
2020,Kazakhstan,255.0
2021,Kazakhstan,255.0
2022,Kazakhstan,271.0
1991,Kuwait,493.0
2012,Kuwait,102.0
2016,Kuwait,109.0
2017,Kuwait,103.0
2018,Kuwait,106.0
2019,Kuwait,109.0
2021,Kuwait,103.0
2022,Kuwait,109.0
1995,Malaysia,111.0
1996,Malaysia,111.0
1997,Malaysia,120.0
1998,Malaysia,110.0
1999,Malaysia,104.0
2000,Malaysia,123.0
2001,Malaysia,131.0
2002,Malaysia,132.0
2003,Malaysia,153.0
2004,Malaysia,170.0
2005,Malaysia,170.0
2006,Malaysia,170.0
2007,Malaysia,175.0
2008,Malaysia,193.0
2009,Malaysia,192.0
2010,Malaysia,199.0
2011,Malaysia,203.0
2012,Malaysia,213.0
2013,Malaysia,242.0
2014,Malaysia,245.0
2015,Malaysia,236.0
2016,Malaysia,237.0
2017,Malaysia,244.0
2018,Malaysia,262.0
2019,Malaysia,267.0
2020,Malaysia,269.0
2021,Malaysia,279.0
2022,Malaysia,291.0
1969,Mexico,102.0
1970,Mexico,114.0
1971,Mexico,126.0
1972,Mexico,132.0
1973,Mexico,144.0
1974,Mexico,155.0
1975,Mexico,164.0
1976,Mexico,184.0
1977,Mexico,192.0
1978,Mexico,222.0
1979,Mexico,240.0
1980,Mexico,268.0
1981,Mexico,284.0
1982,Mexico,304.0
1983,Mexico,278.0
1984,Mexico,277.0
1985,Mexico,287.0
1986,Mexico,293.0
1987,Mexico,306.0
1988,Mexico,306.0
1989,Mexico,323.0
1990,Mexico,317.0
1991,Mexico,330.0
1992,Mexico,333.0
1993,Mexico,338.0
1994,Mexico,352.0
1995,Mexico,331.0
1996,Mexico,342.0
1997,Mexico,363.0
1998,Mexico,381.0
1999,Mexico,386.0
2000,Mexico,392.0
2001,Mexico,408.0
2002,Mexico,411.0
2003,Mexico,436.0
2004,Mexico,439.0
2005,Mexico,464.0
2006,Mexico,475.0
2007,Mexico,474.0
2008,Mexico,473.0
2009,Mexico,460.0
2010,Mexico,457.0
2011,Mexico,483.0
2012,Mexico,502.0
2013,Mexico,495.0
2014,Mexico,484.0
2015,Mexico,480.0
2016,Mexico,480.0
2017,Mexico,466.0
2018,Mexico,470.0
2019,Mexico,468.0
2020,Mexico,442.0
2021,Mexico,469.0
2022,Mexico,512.0
1965,Netherlands,100.0
1966,Netherlands,104.0
1967,Netherlands,107.0
1968,Netherlands,113.0
1969,Netherlands,116.0
1970,Netherlands,142.0
1971,Netherlands,141.0
1972,Netherlands,157.0
1973,Netherlands,165.0
1974,Netherlands,160.0
1975,Netherlands,153.0
1976,Netherlands,169.0
1977,Netherlands,164.0
1978,Netherlands,170.0
1979,Netherlands,187.0
1980,Netherlands,177.0
1981,Netherlands,164.0
1982,Netherlands,133.0
1983,Netherlands,137.0
1984,Netherlands,144.0
1985,Netherlands,147.0
1986,Netherlands,144.0
1987,Netherlands,151.0
1988,Netherlands,146.0
1989,Netherlands,162.0
1990,Netherlands,163.0
1991,Netherlands,171.0
1992,Netherlands,171.0
1993,Netherlands,171.0
1994,Netherlands,172.0
1995,Netherlands,173.0
1996,Netherlands,182.0
1997,Netherlands,175.0
1998,Netherlands,176.0
1999,Netherlands,171.0
2000,Netherlands,172.0
2001,Netherlands,177.0
2002,Netherlands,176.0
2003,Netherlands,180.0
2004,Netherlands,182.0
2005,Netherlands,178.0
2006,Netherlands,173.0
2007,Netherlands,173.0
2008,Netherlands,176.0
2009,Netherlands,170.0
2010,Netherlands,182.0
2011,Netherlands,169.0
2012,Netherlands,165.0
2013,Netherlands,165.0
2014,Netherlands,157.0
2015,Netherlands,164.0
2016,Netherlands,165.0
2017,Netherlands,162.0
2018,Netherlands,158.0
2019,Netherlands,153.0
2020,Netherlands,137.0
2021,Netherlands,140.0
2022,Netherlands,125.0
2001,Nigeria,100.0
2003,Nigeria,100.0
2005,Nigeria,101.0
2010,Nigeria,111.0
2011,Nigeria,125.0
2012,Nigeria,109.0
2013,Nigeria,116.0
2014,Nigeria,123.0
2015,Nigeria,109.0
2016,Nigeria,117.0
2017,Nigeria,113.0
2018,Nigeria,106.0
2019,Nigeria,127.0
2020,Nigeria,124.0
2021,Nigeria,131.0
2022,Nigeria,129.0
1971,North Korea,107.0
1974,North Korea,102.0
1975,North Korea,108.0
1976,North Korea,110.0
1977,North Korea,114.0
1978,North Korea,108.0
1979,North Korea,110.0
1980,North Korea,114.0
1981,North Korea,114.0
1982,North Korea,117.0
1983,North Korea,125.0
1984,North Korea,135.0
1985,North Korea,144.0
1986,North Korea,157.0
1987,North Korea,176.0
1988,North Korea,199.0
1989,North Korea,209.0
1990,North Korea,118.0
1991,North Korea,113.0
2000,Pakistan,104.0
2001,Pakistan,105.0
2002,Pakistan,113.0
2003,Pakistan,117.0
2004,Pakistan,130.0
2005,Pakistan,135.0
2006,Pakistan,144.0
2007,Pakistan,155.0
2008,Pakistan,154.0
2009,Pakistan,155.0
2010,Pakistan,154.0
2011,Pakistan,155.0
2012,Pakistan,155.0
2013,Pakistan,152.0
2014,Pakistan,157.0
2015,Pakistan,166.0
2016,Pakistan,196.0
2017,Pakistan,216.0
2018,Pakistan,205.0
2019,Pakistan,206.0
2020,Pakistan,201.0
2021,Pakistan,223.0
2022,Pakistan,200.0
2014,Philippines,101.0
2015,Philippines,112.0
2016,Philippines,122.0
2017,Philippines,135.0
2018,Philippines,142.0
2019,Philippines,144.0
2020,Philippines,133.0
2021,Philippines,143.0
2022,Philippines,150.0
1911,Poland,100.0
1912,Poland,111.0
1913,Poland,116.0
1916,Poland,109.0
1917,Poland,121.0
1918,Poland,102.0
1940,Poland,167.0
1941,Poland,165.0
1942,Poland,182.0
1943,Poland,198.0
1944,Poland,189.0
1946,Poland,105.0
1949,Poland,105.0
1950,Poland,112.0
1951,Poland,122.0
1952,Poland,128.0
1953,Poland,139.0
1954,Poland,148.0
1955,Poland,154.0
1956,Poland,166.0
1957,Poland,179.0
1958,Poland,177.0
1959,Poland,190.0
1960,Poland,200.0
1961,Poland,207.0
1962,Poland,217.0
1963,Poland,231.0
1964,Poland,243.0
1965,Poland,247.0
1966,Poland,252.0
1967,Poland,259.0
1968,Poland,276.0
1969,Poland,293.0
1970,Poland,304.0
1971,Poland,313.0
1972,Poland,330.0
1973,Poland,336.0
1974,Poland,346.0
1975,Poland,375.0
1976,Poland,398.0
1977,Poland,418.0
1978,Poland,431.0
1979,Poland,441.0
1980,Poland,463.0
1981,Poland,409.0
1982,Poland,421.0
1983,Poland,421.0
1984,Poland,432.0
1985,Poland,445.0
1986,Poland,452.0
1987,Poland,464.0
1988,Poland,444.0
1989,Poland,422.0
1990,Poland,377.0
1991,Poland,374.0
1992,Poland,365.0
1993,Poland,365.0
1994,Poland,360.0
1995,Poland,363.0
1996,Poland,377.0
1997,Poland,367.0
1998,Poland,339.0
1999,Poland,329.0
2000,Poland,317.0
2001,Poland,314.0
2002,Poland,306.0
2003,Poland,319.0
2004,Poland,324.0
2005,Poland,323.0
2006,Poland,337.0
2007,Poland,336.0
2008,Poland,330.0
2009,Poland,316.0
2010,Poland,334.0
2011,Poland,334.0
2012,Poland,326.0
2013,Poland,322.0
2014,Poland,310.0
2015,Poland,313.0
2016,Poland,324.0
2017,Poland,337.0
2018,Poland,336.0
2019,Poland,318.0
2020,Poland,302.0
2021,Poland,331.0
2022,Poland,323.0
2017,Qatar,100.0
2019,Qatar,101.0
2020,Qatar,103.0
2021,Qatar,107.0
2022,Qatar,101.0
1968,Romania,100.0
1969,Romania,112.0
1970,Romania,120.0
1971,Romania,126.0
1972,Romania,132.0
1973,Romania,145.0
1974,Romania,151.0
1975,Romania,162.0
1976,Romania,174.0
1977,Romania,178.0
1978,Romania,193.0
1979,Romania,195.0
1980,Romania,196.0
1981,Romania,197.0
1982,Romania,195.0
1983,Romania,200.0
1984,Romania,188.0
1985,Romania,193.0
1986,Romania,201.0
1987,Romania,211.0
1988,Romania,212.0
1989,Romania,213.0
1990,Romania,177.0
1991,Romania,142.0
1992,Romania,132.0
1993,Romania,123.0
1994,Romania,121.0
1995,Romania,126.0
1996,Romania,129.0
1997,Romania,118.0
1998,Romania,105.0
2003,Romania,104.0
2004,Romania,103.0
2005,Romania,102.0
2006,Romania,104.0
2007,Romania,109.0
2008,Romania,108.0
1931,Russia,115.0
1932,Russia,129.0
1933,Russia,145.0
1934,Russia,175.0
1935,Russia,198.0
1936,Russia,227.0
1937,Russia,232.0
1938,Russia,245.0
1939,Russia,248.0
1940,Russia,297.0
1941,Russia,261.0
1942,Russia,142.0
1943,Russia,148.0
1944,Russia,215.0
1945,Russia,227.0
1946,Russia,256.0
1947,Russia,308.0
1948,Russia,328.0
1949,Russia,372.0
1950,Russia,415.0
1951,Russia,450.0
1952,Russia,482.0
1953,Russia,510.0
1954,Russia,556.0
1955,Russia,631.0
1956,Russia,692.0
1957,Russia,757.0
1958,Russia,808.0
1959,Russia,850.0
1960,Russia,885.0
1961,Russia,912.0
1962,Russia,957.0
1963,Russia,1027.0
1964,Russia,1092.0
1965,Russia,1158.0
1966,Russia,1223.0
1967,Russia,1279.0
1968,Russia,1315.0
1969,Russia,1370.0
1970,Russia,1441.0
1971,Russia,1529.0
1972,Russia,1608.0
1973,Russia,1676.0
1974,Russia,1740.0
1975,Russia,1829.0
1976,Russia,1900.0
1977,Russia,1964.0
1978,Russia,2032.0
1979,Russia,2049.0
1980,Russia,2129.0
1981,Russia,2089.0
1982,Russia,2128.0
1983,Russia,2158.0
1984,Russia,2177.0
1985,Russia,2348.0
1986,Russia,2349.0
1987,Russia,2358.0
1988,Russia,2436.0
1989,Russia,2405.0
1990,Russia,2536.0
1991,Russia,2407.0
1992,Russia,1967.0
1993,Russia,1867.0
1994,Russia,1648.0
1995,Russia,1620.0
1996,Russia,1587.0
1997,Russia,1482.0
1998,Russia,1465.0
1999,Russia,1494.0
2000,Russia,1479.0
2001,Russia,1516.0
2002,Russia,1507.0
2003,Russia,1537.0
2004,Russia,1544.0
2005,Russia,1563.0
2006,Russia,1623.0
2007,Russia,1624.0
2008,Russia,1652.0
2009,Russia,1545.0
2010,Russia,1633.0
2011,Russia,1686.0
2012,Russia,1701.0
2013,Russia,1640.0
2014,Russia,1640.0
2015,Russia,1639.0
2016,Russia,1635.0
2017,Russia,1666.0
2018,Russia,1712.0
2019,Russia,1705.0
2020,Russia,1633.0
2021,Russia,1712.0
2022,Russia,1652.0
1976,Saudi Arabia,101.0
1977,Saudi Arabia,118.0
1978,Saudi Arabia,115.0
1979,Saudi Arabia,138.0
1980,Saudi Arabia,169.0
1981,Saudi Arabia,175.0
1982,Saudi Arabia,158.0
1983,Saudi Arabia,161.0
1984,Saudi Arabia,156.0
1985,Saudi Arabia,172.0
1986,Saudi Arabia,205.0
1987,Saudi Arabia,190.0
1988,Saudi Arabia,202.0
1989,Saudi Arabia,203.0
1990,Saudi Arabia,208.0
1991,Saudi Arabia,289.0
1992,Saudi Arabia,316.0
1993,Saudi Arabia,341.0
1994,Saudi Arabia,334.0
1995,Saudi Arabia,268.0
1996,Saudi Arabia,263.0
1997,Saudi Arabia,222.0
1998,Saudi Arabia,213.0
1999,Saudi Arabia,231.0
2000,Saudi Arabia,302.0
2001,Saudi Arabia,303.0
2002,Saudi Arabia,332.0
2003,Saudi Arabia,334.0
2004,Saudi Arabia,401.0
2005,Saudi Arabia,403.0
2006,Saudi Arabia,439.0
2007,Saudi Arabia,394.0
2008,Saudi Arabia,440.0
2009,Saudi Arabia,473.0
2010,Saudi Arabia,525.0
2011,Saudi Arabia,503.0
2012,Saudi Arabia,567.0
2013,Saudi Arabia,545.0
2014,Saudi Arabia,613.0
2015,Saudi Arabia,679.0
2016,Saudi Arabia,697.0
2017,Saudi Arabia,681.0
2018,Saudi Arabia,687.0
2019,Saudi Arabia,707.0
2020,Saudi Arabia,611.0
2021,Saudi Arabia,631.0
2022,Saudi Arabia,663.0
1961,South Africa,102.0
1962,South Africa,106.0
1963,South Africa,110.0
1964,South Africa,120.0
1965,South Africa,128.0
1966,South Africa,128.0
1967,South Africa,134.0
1968,South Africa,138.0
1969,South Africa,143.0
1970,South Africa,150.0
1971,South Africa,168.0
1972,South Africa,172.0
1973,South Africa,173.0
1974,South Africa,177.0
1975,South Africa,185.0
1976,South Africa,193.0
1977,South Africa,200.0
1978,South Africa,202.0
1979,South Africa,219.0
1980,South Africa,228.0
1981,South Africa,257.0
1982,South Africa,280.0
1983,South Africa,292.0
1984,South Africa,316.0
1985,South Africa,324.0
1986,South Africa,330.0
1987,South Africa,329.0
1988,South Africa,343.0
1989,South Africa,341.0
1990,South Africa,313.0
1991,South Africa,326.0
1992,South Africa,301.0
1993,South Africa,320.0
1994,South Africa,339.0
1995,South Africa,362.0
1996,South Africa,364.0
1997,South Africa,385.0
1998,South Africa,377.0
1999,South Africa,375.0
2000,South Africa,378.0
2001,South Africa,372.0
2002,South Africa,357.0
2003,South Africa,404.0
2004,South Africa,449.0
2005,South Africa,416.0
2006,South Africa,447.0
2007,South Africa,465.0
2008,South Africa,495.0
2009,South Africa,481.0
2010,South Africa,463.0
2011,South Africa,466.0
2012,South Africa,459.0
2013,South Africa,459.0
2014,South Africa,472.0
2015,South Africa,446.0
2016,South Africa,457.0
2017,South Africa,439.0
2018,South Africa,435.0
2019,South Africa,465.0
2020,South Africa,435.0
2021,South Africa,426.0
2022,South Africa,404.0
1977,South Korea,105.0
1978,South Korea,113.0
1979,South Korea,133.0
1980,South Korea,135.0
1981,South Korea,140.0
1982,South Korea,141.0
1983,South Korea,149.0
1984,South Korea,161.0
1985,South Korea,169.0
1986,South Korea,176.0
1987,South Korea,185.0
1988,South Korea,211.0
1989,South Korea,224.0
1990,South Korea,251.0
1991,South Korea,276.0
1992,South Korea,300.0
1993,South Korea,330.0
1994,South Korea,356.0
1995,South Korea,384.0
1996,South Korea,421.0
1997,South Korea,445.0
1998,South Korea,378.0
1999,South Korea,411.0
2000,South Korea,440.0
2001,South Korea,456.0
2002,South Korea,476.0
2003,South Korea,485.0
2004,South Korea,491.0
2005,South Korea,499.0
2006,South Korea,503.0
2007,South Korea,522.0
2008,South Korea,533.0
2009,South Korea,538.0
2010,South Korea,594.0
2011,South Korea,623.0
2012,South Korea,628.0
2013,South Korea,635.0
2014,South Korea,629.0
2015,South Korea,634.0
2016,South Korea,638.0
2017,South Korea,655.0
2018,South Korea,670.0
2019,South Korea,646.0
2020,South Korea,598.0
2021,South Korea,616.0
2022,South Korea,601.0
1970,Spain,117.0
1971,Spain,128.0
1972,Spain,145.0
1973,Spain,155.0
1974,Spain,173.0
1975,Spain,181.0
1976,Spain,198.0
1977,Spain,195.0
1978,Spain,200.0
1979,Spain,203.0
1980,Spain,214.0
1981,Spain,206.0
1982,Spain,209.0
1983,Spain,203.0
1984,Spain,198.0
1985,Spain,200.0
1986,Spain,189.0
1987,Spain,190.0
1988,Spain,197.0
1989,Spain,225.0
1990,Spain,230.0
1991,Spain,240.0
1992,Spain,249.0
1993,Spain,240.0
1994,Spain,252.0
1995,Spain,266.0
1996,Spain,253.0
1997,Spain,266.0
1998,Spain,275.0
1999,Spain,298.0
2000,Spain,310.0
2001,Spain,312.0
2002,Spain,332.0
2003,Spain,336.0
2004,Spain,353.0
2005,Spain,368.0
2006,Spain,360.0
2007,Spain,367.0
2008,Spain,336.0
2009,Spain,296.0
2010,Spain,283.0
2011,Spain,284.0
2012,Spain,278.0
2013,Spain,252.0
2014,Spain,254.0
2015,Spain,271.0
2016,Spain,260.0
2017,Spain,274.0
2018,Spain,269.0
2019,Spain,251.0
2020,Spain,214.0
2021,Spain,230.0
2022,Spain,246.0
1988,Taiwan,113.0
1989,Taiwan,123.0
1990,Taiwan,124.0
1991,Taiwan,134.0
1992,Taiwan,142.0
1993,Taiwan,154.0
1994,Taiwan,161.0
1995,Taiwan,169.0
1996,Taiwan,177.0
1997,Taiwan,191.0
1998,Taiwan,200.0
1999,Taiwan,208.0
2000,Taiwan,227.0
2001,Taiwan,230.0
2002,Taiwan,237.0
2003,Taiwan,248.0
2004,Taiwan,258.0
2005,Taiwan,266.0
2006,Taiwan,276.0
2007,Taiwan,280.0
2008,Taiwan,267.0
2009,Taiwan,253.0
2010,Taiwan,270.0
2011,Taiwan,276.0
2012,Taiwan,273.0
2013,Taiwan,274.0
2014,Taiwan,276.0
2015,Taiwan,276.0
2016,Taiwan,280.0
2017,Taiwan,285.0
2018,Taiwan,283.0
2019,Taiwan,274.0
2020,Taiwan,272.0
2021,Taiwan,291.0
2022,Taiwan,278.0
1992,Thailand,106.0
1993,Thailand,122.0
1994,Thailand,137.0
1995,Thailand,154.0
1996,Thailand,174.0
1997,Thailand,181.0
1998,Thailand,160.0
1999,Thailand,167.0
2000,Thailand,167.0
2001,Thailand,172.0
2002,Thailand,185.0
2003,Thailand,191.0
2004,Thailand,207.0
2005,Thailand,214.0
2006,Thailand,216.0
2007,Thailand,224.0
2008,Thailand,224.0
2009,Thailand,229.0
2010,Thailand,241.0
2011,Thailand,245.0
2012,Thailand,262.0
2013,Thailand,264.0
2014,Thailand,272.0
2015,Thailand,277.0
2016,Thailand,284.0
2017,Thailand,283.0
2018,Thailand,288.0
2019,Thailand,282.0
2020,Thailand,272.0
2021,Thailand,267.0
2022,Thailand,271.0
1985,Turkey,106.0
1986,Turkey,116.0
1987,Turkey,128.0
1988,Turkey,125.0
1989,Turkey,138.0
1990,Turkey,152.0
1991,Turkey,158.0
1992,Turkey,164.0
1993,Turkey,171.0
1994,Turkey,168.0
1995,Turkey,181.0
1996,Turkey,200.0
1997,Turkey,212.0
1998,Turkey,212.0
1999,Turkey,208.0
2000,Turkey,230.0
2001,Turkey,214.0
2002,Turkey,221.0
2003,Turkey,237.0
2004,Turkey,245.0
2005,Turkey,265.0
2006,Turkey,282.0
2007,Turkey,314.0
2008,Turkey,311.0
2009,Turkey,316.0
2010,Turkey,316.0
2011,Turkey,342.0
2012,Turkey,356.0
2013,Turkey,347.0
2014,Turkey,364.0
2015,Turkey,385.0
2016,Turkey,406.0
2017,Turkey,431.0
2018,Turkey,422.0
2019,Turkey,403.0
2020,Turkey,413.0
2021,Turkey,453.0
2022,Turkey,436.0
1948,Ukraine,104.0
1949,Ukraine,118.0
1950,Ukraine,132.0
1951,Ukraine,143.0
1952,Ukraine,153.0
1953,Ukraine,162.0
1954,Ukraine,177.0
1955,Ukraine,200.0
1956,Ukraine,220.0
1957,Ukraine,240.0
1958,Ukraine,257.0
1959,Ukraine,270.0
1960,Ukraine,281.0
1961,Ukraine,290.0
1962,Ukraine,304.0
1963,Ukraine,326.0
1964,Ukraine,347.0
1965,Ukraine,368.0
1966,Ukraine,388.0
1967,Ukraine,406.0
1968,Ukraine,417.0
1969,Ukraine,434.0
1970,Ukraine,457.0
1971,Ukraine,485.0
1972,Ukraine,510.0
1973,Ukraine,531.0
1974,Ukraine,552.0
1975,Ukraine,580.0
1976,Ukraine,602.0
1977,Ukraine,623.0
1978,Ukraine,644.0
1979,Ukraine,649.0
1980,Ukraine,675.0
1981,Ukraine,662.0
1982,Ukraine,674.0
1983,Ukraine,684.0
1984,Ukraine,690.0
1985,Ukraine,744.0
1986,Ukraine,741.0
1987,Ukraine,734.0
1988,Ukraine,727.0
1989,Ukraine,683.0
1990,Ukraine,706.0
1991,Ukraine,633.0
1992,Ukraine,589.0
1993,Ukraine,510.0
1994,Ukraine,419.0
1995,Ukraine,390.0
1996,Ukraine,352.0
1997,Ukraine,341.0
1998,Ukraine,329.0
1999,Ukraine,299.0
2000,Ukraine,286.0
2001,Ukraine,304.0
2002,Ukraine,296.0
2003,Ukraine,307.0
2004,Ukraine,311.0
2005,Ukraine,314.0
2006,Ukraine,333.0
2007,Ukraine,337.0
2008,Ukraine,326.0
2009,Ukraine,278.0
2010,Ukraine,294.0
2011,Ukraine,308.0
2012,Ukraine,304.0
2013,Ukraine,297.0
2014,Ukraine,258.0
2015,Ukraine,224.0
2016,Ukraine,234.0
2017,Ukraine,223.0
2018,Ukraine,232.0
2019,Ukraine,222.0
2020,Ukraine,207.0
2021,Ukraine,210.0
2022,Ukraine,141.0
2000,United Arab Emirates,112.0
2001,United Arab Emirates,101.0
2003,United Arab Emirates,106.0
2004,United Arab Emirates,112.0
2005,United Arab Emirates,114.0
2006,United Arab Emirates,122.0
2007,United Arab Emirates,133.0
2008,United Arab Emirates,154.0
2009,United Arab Emirates,168.0
2010,United Arab Emirates,185.0
2011,United Arab Emirates,198.0
2012,United Arab Emirates,207.0
2013,United Arab Emirates,213.0
2014,United Arab Emirates,210.0
2015,United Arab Emirates,226.0
2016,United Arab Emirates,227.0
2017,United Arab Emirates,212.0
2018,United Arab Emirates,209.0
2019,United Arab Emirates,220.0
2020,United Arab Emirates,217.0
2021,United Arab Emirates,237.0
2022,United Arab Emirates,244.0
1900,United Kingdom,420.0
1901,United Kingdom,411.0
1902,United Kingdom,427.0
1903,United Kingdom,430.0
1904,United Kingdom,432.0
1905,United Kingdom,438.0
1906,United Kingdom,453.0
1907,United Kingdom,474.0
1908,United Kingdom,462.0
1909,United Kingdom,466.0
1910,United Kingdom,470.0
1911,United Kingdom,481.0
1912,United Kingdom,456.0
1913,United Kingdom,498.0
1914,United Kingdom,483.0
1915,United Kingdom,489.0
1916,United Kingdom,507.0
1917,United Kingdom,501.0
1918,United Kingdom,467.0
1919,United Kingdom,456.0
1920,United Kingdom,471.0
1921,United Kingdom,320.0
1922,United Kingdom,428.0
1923,United Kingdom,455.0
1924,United Kingdom,476.0
1925,United Kingdom,450.0
1926,United Kingdom,246.0
1927,United Kingdom,467.0
1928,United Kingdom,438.0
1929,United Kingdom,461.0
1930,United Kingdom,441.0
1931,United Kingdom,412.0
1932,United Kingdom,396.0
1933,United Kingdom,392.0
1934,United Kingdom,423.0
1935,United Kingdom,429.0
1936,United Kingdom,454.0
1937,United Kingdom,468.0
1938,United Kingdom,449.0
1939,United Kingdom,452.0
1940,United Kingdom,475.0
1941,United Kingdom,470.0
1942,United Kingdom,469.0
1943,United Kingdom,455.0
1944,United Kingdom,442.0
1945,United Kingdom,418.0
1946,United Kingdom,436.0
1947,United Kingdom,461.0
1948,United Kingdom,476.0
1949,United Kingdom,485.0
1950,United Kingdom,501.0
1951,United Kingdom,545.0
1952,United Kingdom,529.0
1953,United Kingdom,540.0
1954,United Kingdom,553.0
1955,United Kingdom,577.0
1956,United Kingdom,574.0
1957,United Kingdom,571.0
1958,United Kingdom,556.0
1959,United Kingdom,547.0
1960,United Kingdom,584.0
1961,United Kingdom,589.0
1962,United Kingdom,593.0
1963,United Kingdom,603.0
1964,United Kingdom,608.0
1965,United Kingdom,622.0
1966,United Kingdom,618.0
1967,United Kingdom,592.0
1968,United Kingdom,606.0
1969,United Kingdom,628.0
1970,United Kingdom,653.0
1971,United Kingdom,660.0
1972,United Kingdom,648.0
1973,United Kingdom,660.0
1974,United Kingdom,617.0
1975,United Kingdom,603.0
1976,United Kingdom,599.0
1977,United Kingdom,604.0
1978,United Kingdom,605.0
1979,United Kingdom,645.0
1980,United Kingdom,579.0
1981,United Kingdom,561.0
1982,United Kingdom,548.0
1983,United Kingdom,545.0
1984,United Kingdom,529.0
1985,United Kingdom,560.0
1986,United Kingdom,569.0
1987,United Kingdom,572.0
1988,United Kingdom,570.0
1989,United Kingdom,582.0
1990,United Kingdom,602.0
1991,United Kingdom,609.0
1992,United Kingdom,594.0
1993,United Kingdom,580.0
1994,United Kingdom,574.0
1995,United Kingdom,566.0
1996,United Kingdom,587.0
1997,United Kingdom,563.0
1998,United Kingdom,569.0
1999,United Kingdom,562.0
2000,United Kingdom,569.0
2001,United Kingdom,578.0
2002,United Kingdom,560.0
2003,United Kingdom,572.0
2004,United Kingdom,573.0
2005,United Kingdom,570.0
2006,United Kingdom,568.0
2007,United Kingdom,560.0
2008,United Kingdom,545.0
2009,United Kingdom,494.0
2010,United Kingdom,512.0
2011,United Kingdom,470.0
2012,United Kingdom,487.0
2013,United Kingdom,478.0
2014,United Kingdom,439.0
2015,United Kingdom,422.0
2016,United Kingdom,399.0
2017,United Kingdom,387.0
2018,United Kingdom,380.0
2019,United Kingdom,365.0
2020,United Kingdom,326.0
2021,United Kingdom,347.0
2022,United Kingdom,319.0
1900,United States,663.0
1901,United States,722.0
1902,United States,764.0
1903,United States,894.0
1904,United States,882.0
1905,United States,986.0
1906,United States,1035.0
1907,United States,1204.0
1908,United States,1053.0
1909,United States,1166.0
1910,United States,1272.0
1911,United States,1259.0
1912,United States,1344.0
1913,United States,1443.0
1914,United States,1318.0
1915,United States,1368.0
1916,United States,1519.0
1917,United States,1671.0
1918,United States,1748.0
1919,United States,1479.0
1920,United States,1738.0
1921,United States,1424.0
1922,United States,1436.0
1923,United States,1897.0
1924,United States,1698.0
1925,United States,1758.0
1926,United States,1906.0
1927,United States,1863.0
1928,United States,1831.0
1929,United States,1964.0
1930,United States,1745.0
1931,United States,1485.0
1932,United States,1258.0
1933,United States,1349.0
1934,United States,1436.0
1935,United States,1492.0
1936,United States,1713.0
1937,United States,1793.0
1938,United States,1516.0
1939,United States,1671.0
1940,United States,1875.0
1941,United States,2044.0
1942,United States,2198.0
1943,United States,2272.0
1944,United States,2445.0
1945,United States,2360.0
1946,United States,2257.0
1947,United States,2486.0
1948,United States,2583.0
1949,United States,2165.0
1950,United States,2541.0
1951,United States,2619.0
1952,United States,2551.0
1953,United States,2613.0
1954,United States,2489.0
1955,United States,2729.0
1956,United States,2860.0
1957,United States,2836.0
1958,United States,2747.0
1959,United States,2832.0
1960,United States,2897.0
1961,United States,2887.0
1962,United States,2994.0
1963,United States,3126.0
1964,United States,3264.0
1965,United States,3400.0
1966,United States,3571.0
1967,United States,3705.0
1968,United States,3841.0
1969,United States,4035.0
1970,United States,4340.0
1971,United States,4365.0
1972,United States,4573.0
1973,United States,4785.0
1974,United States,4621.0
1975,United States,4478.0
1976,United States,4748.0
1977,United States,4890.0
1978,United States,4941.0
1979,United States,5009.0
1980,United States,4809.0
1981,United States,4686.0
1982,United States,4447.0
1983,United States,4429.0
1984,United States,4662.0
1985,United States,4653.0
1986,United States,4663.0
1987,United States,4826.0
1988,United States,5051.0
1989,United States,5132.0
1990,United States,5121.0
1991,United States,5063.0
1992,United States,5174.0
1993,United States,5273.0
1994,United States,5364.0
1995,United States,5425.0
1996,United States,5613.0
1997,United States,5688.0
1998,United States,5733.0
1999,United States,5804.0
2000,United States,6010.0
2001,United States,5908.0
2002,United States,5946.0
2003,United States,6010.0
2004,United States,6113.0
2005,United States,6132.0
2006,United States,6053.0
2007,United States,6130.0
2008,United States,5915.0
2009,United States,5481.0
2010,United States,5680.0
2011,United States,5546.0
2012,United States,5344.0
2013,United States,5480.0
2014,United States,5529.0
2015,United States,5376.0
2016,United States,5253.0
2017,United States,5212.0
2018,United States,5378.0
2019,United States,5262.0
2020,United States,4715.0
2021,United States,5032.0
2022,United States,5057.0
1988,Uzbekistan,101.0
1989,Uzbekistan,104.0
1990,Uzbekistan,104.0
1991,Uzbekistan,102.0
1992,Uzbekistan,111.0
1993,Uzbekistan,116.0
1994,Uzbekistan,110.0
1995,Uzbekistan,105.0
1996,Uzbekistan,108.0
1997,Uzbekistan,109.0
1998,Uzbekistan,121.0
1999,Uzbekistan,124.0
2000,Uzbekistan,123.0
2001,Uzbekistan,126.0
2002,Uzbekistan,133.0
2003,Uzbekistan,130.0
2004,Uzbekistan,129.0
2005,Uzbekistan,122.0
2006,Uzbekistan,125.0
2007,Uzbekistan,124.0
2008,Uzbekistan,128.0
2009,Uzbekistan,109.0
2010,Uzbekistan,108.0
2011,Uzbekistan,117.0
2012,Uzbekistan,119.0
2013,Uzbekistan,112.0
2014,Uzbekistan,107.0
2015,Uzbekistan,104.0
2016,Uzbekistan,110.0
2017,Uzbekistan,109.0
2018,Uzbekistan,102.0
2019,Uzbekistan,108.0
2020,Uzbekistan,110.0
2021,Uzbekistan,116.0
2022,Uzbekistan,121.0
1985,Venezuela,101.0
1986,Venezuela,109.0
1987,Venezuela,111.0
1988,Venezuela,116.0
1989,Venezuela,109.0
1990,Venezuela,122.0
1991,Venezuela,115.0
1992,Venezuela,106.0
1993,Venezuela,124.0
1994,Venezuela,120.0
1995,Venezuela,125.0
1996,Venezuela,118.0
1997,Venezuela,130.0
1998,Venezuela,170.0
1999,Venezuela,143.0
2000,Venezuela,143.0
2001,Venezuela,131.0
2002,Venezuela,164.0
2003,Venezuela,154.0
2004,Venezuela,143.0
2005,Venezuela,148.0
2006,Venezuela,156.0
2007,Venezuela,154.0
2008,Venezuela,156.0
2009,Venezuela,152.0
2010,Venezuela,189.0
2011,Venezuela,168.0
2012,Venezuela,176.0
2013,Venezuela,198.0
2014,Venezuela,176.0
2015,Venezuela,166.0
2016,Venezuela,152.0
2017,Venezuela,138.0
2018,Venezuela,101.0
2006,Vietnam,100.0
2007,Vietnam,101.0
2008,Vietnam,114.0
2009,Vietnam,124.0
2010,Vietnam,140.0
2011,Vietnam,153.0
2012,Vietnam,144.0
2013,Vietnam,151.0
2014,Vietnam,182.0
2015,Vietnam,215.0
2016,Vietnam,223.0
2017,Vietnam,230.0
2018,Vietnam,258.0
2019,Vietnam,342.0
2020,Vietnam,363.0
2021,Vietnam,353.0
2022,Vietnam,344.0
